,Unnamed: 0,questions,answers,links,contains_haesleinhuepf,reasonable_answers
0,0,How can I use stackview to crop an image?,"        
<sup>This message was generated by [git-bob](https://github.com/haesleinhuepf/git-bob) (version: 0.17.0, model: gpt-4o-2024-08-06, [log](https://github.com/haesleinhuepf/stackview/actions/runs/12974466597)), an experimental AI-based assistant. It can make mistakes and has [limitations](https://github.com/haesleinhuepf/git-bob?tab=readme-ov-file#limitations). Check its messages carefully.</sup>

To crop an image using the stackview library, you can simply use the following code:

```python
import stackview

# Assuming `image` is your image data
crop_widget = stackview.crop(image, continuous_update=True)
```

This will open an interactive widget that allows you to crop the image. You can add additional parameters such as `zoom_factor`, `slider_text`, and `axis_names` to customize the widget to your needs.
",https://github.com/haesleinhuepf/stackview/issues/121,False,True
1,1,How can I use stackview to overlay two images with a curtain?,"        
<sup>This message was generated by [git-bob](https://github.com/haesleinhuepf/git-bob) (version: 0.17.0, model: gpt-4o-2024-08-06, [log](https://github.com/haesleinhuepf/stackview/actions/runs/12974466730)), an experimental AI-based assistant. It can make mistakes and has [limitations](https://github.com/haesleinhuepf/git-bob?tab=readme-ov-file#limitations). Check its messages carefully.</sup>

To overlay two images with a curtain using stackview, you can use the `stackview.curtain` function. Here's an example:

```python
import stackview

# Assuming 'image1' and 'image2' are the two images you want to overlay
stackview.curtain(image1, image2)
```

This will allow you to interactively view and swipe between the two images using a curtain effect. Let me know if you need any further assistance!
",https://github.com/haesleinhuepf/stackview/issues/122,False,True
2,2,How can I use stackview to view an animation?,"        
<sup>This message was generated by [git-bob](https://github.com/haesleinhuepf/git-bob) (version: 0.17.0, model: gpt-4o-2024-08-06, [log](https://github.com/haesleinhuepf/stackview/actions/runs/12974466941)), an experimental AI-based assistant. It can make mistakes and has [limitations](https://github.com/haesleinhuepf/git-bob?tab=readme-ov-file#limitations). Check its messages carefully.</sup>

You can use stackview to view an animation by utilizing the `stackview.animate()` function. Here's a simple example:

```python
import stackview

# Assuming your animation data is stored in a variable called image
stackview.animate(image)
```

This will display the animation or timelapse data stored in `image`. If you also want to save the animation as a GIF, you can specify a filename and frame delay as follows:

```python
stackview.animate(image, filename=""output.gif"", frame_delay_ms=100)
```

This will save the animation to a file named ""output.gif"" with a frame delay of 100 milliseconds.
",https://github.com/haesleinhuepf/stackview/issues/123,False,True
3,3,How can I use stackview to show an image stack in three orthogonal planes?,"        
<sup>This message was generated by [git-bob](https://github.com/haesleinhuepf/git-bob) (version: 0.17.0, model: gpt-4o-2024-08-06, [log](https://github.com/haesleinhuepf/stackview/actions/runs/12974467062)), an experimental AI-based assistant. It can make mistakes and has [limitations](https://github.com/haesleinhuepf/git-bob?tab=readme-ov-file#limitations). Check its messages carefully.</sup>

To display an image stack in three orthogonal planes using stackview, you can use the `stackview.orthogonal()` function. Here's a snippet to help you get started:

```python
import stackview

# Assuming your image stack is stored in the variable `image_stack`
stackview.orthogonal(image_stack)
```

This will allow you to visualize the image stack in the Z, Y, and X planes. Let me know if you need further assistance!
",https://github.com/haesleinhuepf/stackview/issues/124,False,True
4,4,How can I use stackview and my mouse to explore pixel intensity?,"        
<sup>This message was generated by [git-bob](https://github.com/haesleinhuepf/git-bob) (version: 0.17.0, model: gpt-4o-2024-08-06, [log](https://github.com/haesleinhuepf/stackview/actions/runs/12974467287)), an experimental AI-based assistant. It can make mistakes and has [limitations](https://github.com/haesleinhuepf/git-bob?tab=readme-ov-file#limitations). Check its messages carefully.</sup>

To explore pixel intensity using stackview and your mouse, you can use the `stackview.picker(image)` function. This will display your image with a slider and a label showing the mouse position and intensity as you move your mouse over the image. Here's how you can use it:

```python
import stackview

# Assuming 'image' is your image data:
stackview.picker(image)
```

This will allow you to interactively explore the pixel intensity in your image.
",https://github.com/haesleinhuepf/stackview/issues/125,False,True
5,5,How can I use stackview to show two images side-by-side?,"        
<sup>This message was generated by [git-bob](https://github.com/haesleinhuepf/git-bob) (version: 0.17.0, model: gpt-4o-2024-08-06, [log](https://github.com/haesleinhuepf/stackview/actions/runs/12974467431)), an experimental AI-based assistant. It can make mistakes and has [limitations](https://github.com/haesleinhuepf/git-bob?tab=readme-ov-file#limitations). Check its messages carefully.</sup>

To display two images side-by-side using the stackview library, you can use the following code snippet:

```python
import stackview

# Assuming `image1` and `image2` are your image variables
stackview.side_by_side(image1, image2)
```

This will allow you to view the two images next to each other with an overlay view of their overlap. Let me know if you have any further questions!
",https://github.com/haesleinhuepf/stackview/issues/126,False,True
6,6,How can I use stackview to show slices through an image stack?,"        
<sup>This message was generated by [git-bob](https://github.com/haesleinhuepf/git-bob) (version: 0.17.0, model: gpt-4o-2024-08-06, [log](https://github.com/haesleinhuepf/stackview/actions/runs/12974467499)), an experimental AI-based assistant. It can make mistakes and has [limitations](https://github.com/haesleinhuepf/git-bob?tab=readme-ov-file#limitations). Check its messages carefully.</sup>

You can use `stackview.slice(image)` to display an image with a slider that allows you to navigate through a stack of slices. Here's a simple example:

```python
import stackview

# Assuming `image` is your image stack
stackview.slice(image)
```

This will open an interactive viewer where you can explore each slice using the slider. Let me know if you need further assistance!
",https://github.com/haesleinhuepf/stackview/issues/127,False,True
7,7,How can I use stackview to show a list of images and switch between them?,"        
<sup>This message was generated by [git-bob](https://github.com/haesleinhuepf/git-bob) (version: 0.17.0, model: gpt-4o-2024-08-06, [log](https://github.com/haesleinhuepf/stackview/actions/runs/12974467695)), an experimental AI-based assistant. It can make mistakes and has [limitations](https://github.com/haesleinhuepf/git-bob?tab=readme-ov-file#limitations). Check its messages carefully.</sup>

You can use stackview's `switch` function to accomplish this. Here's a simple example:

```python
import stackview

# Assuming you have a list of images
images = [image1, image2, image3]  # Replace with your actual image variables

# Use stackview.switch to create a slider to switch between images
stackview.switch(images)
```

Make sure your image list contains all the images you want to display. This will allow you to switch between them interactively.
",https://github.com/haesleinhuepf/stackview/issues/128,False,True
8,8,How can I use stackview to build a user-interface for a function?,"        
<sup>This message was generated by [git-bob](https://github.com/haesleinhuepf/git-bob) (version: 0.17.0, model: gpt-4o-2024-08-06, [log](https://github.com/haesleinhuepf/stackview/actions/runs/12974467837)), an experimental AI-based assistant. It can make mistakes and has [limitations](https://github.com/haesleinhuepf/git-bob?tab=readme-ov-file#limitations). Check its messages carefully.</sup>

To build a user interface for a function using the `stackview` library, you can use the `stackview.interact` function. Here's a simple example:

```python
import stackview
from skimage.filters import gaussian
from skimage.io import imread

# Load images
image1 = imread(""data/Haase_MRT_tfl3d1.tif"")
image2 = imread(""data/CalibZAPWfixed_000154_max.tif"")

# Create an interactive UI for the gaussian function
stackview.interact(gaussian, context=globals(), continuous_update=True)
```

In this example, `stackview.interact` builds a user interface for the `gaussian` function where you can adjust parameters interactively. Ensure you have your images loaded and accessible in the context.
",https://github.com/haesleinhuepf/stackview/issues/129,False,True
9,9,How can I use stackview to display a scatter-plot of data in a dataframe?,"        
<sup>This message was generated by [git-bob](https://github.com/haesleinhuepf/git-bob) (version: 0.17.0, model: gpt-4o-2024-08-06, [log](https://github.com/haesleinhuepf/stackview/actions/runs/12974468000)), an experimental AI-based assistant. It can make mistakes and has [limitations](https://github.com/haesleinhuepf/git-bob?tab=readme-ov-file#limitations). Check its messages carefully.</sup>

To display a scatter plot of data in a pandas DataFrame using stackview, you can use the `stackview.scatterplot` function. Here's a basic example of how you might implement it:

```python
import stackview

# Assuming you have a pandas DataFrame `df` and want to plot columns 'x' and 'y'
column_x = 'x'
column_y = 'y'
selection_column = 'selection'  # Column to use for selection, if applicable

stackview.scatterplot(df, column_x, column_y, selection_column)
```

Make sure that the columns `column_x`, `column_y`, and `selection_column` exist in your DataFrame. Let me know if you need further assistance!
",https://github.com/haesleinhuepf/stackview/issues/130,False,True
10,10,How can I use stackview to segment an image?,"        
<sup>This message was generated by [git-bob](https://github.com/haesleinhuepf/git-bob) (version: 0.17.0, model: gpt-4o-2024-08-06, [log](https://github.com/haesleinhuepf/stackview/actions/runs/12974468162)), an experimental AI-based assistant. It can make mistakes and has [limitations](https://github.com/haesleinhuepf/git-bob?tab=readme-ov-file#limitations). Check its messages carefully.</sup>

Hello! If you want to segment an image using stackview, you can visualize your segmentation results using functions like `stackview.insight` or `stackview.curtain` to overlay segmentation labels on the original image. However, stackview is primarily for visualization, not for performing segmentation itself. You'd typically use other libraries like scikit-image, OpenCV, or other specialized tools for the actual segmentation process. Once you have your segmented labels, you can use stackview for visualization as follows:

```python
import stackview

# Assuming `image` is your original image and `segmented_labels` is the result of your segmentation process
stackview.curtain(image, segmented_labels)
```

For more specific segmentation processes, you might want to explore libraries designed for image analysis. If you have further questions, feel free to tag @haesleinhuepf for more detailed guidance!
",https://github.com/haesleinhuepf/stackview/issues/131,True,True
11,11,How can I use stackview to blur an image?,"        
<sup>This message was generated by [git-bob](https://github.com/haesleinhuepf/git-bob) (version: 0.17.0, model: gpt-4o-2024-08-06, [log](https://github.com/haesleinhuepf/stackview/actions/runs/12974468329)), an experimental AI-based assistant. It can make mistakes and has [limitations](https://github.com/haesleinhuepf/git-bob?tab=readme-ov-file#limitations). Check its messages carefully.</sup>

Hello! Stackview itself does not directly provide functionality to blur an image. You might need to use another library such as OpenCV or PIL to apply a blur effect to your image before displaying it with Stackview. Here is a simple example using OpenCV to blur an image and then visualize it with Stackview:

```python
import cv2
import stackview

# Read the image
image = cv2.imread('your_image_path.jpg')

# Apply Gaussian blur
blurred_image = cv2.GaussianBlur(image, (5, 5), 0)

# Use Stackview to display the blurred image
stackview.insight(blurred_image)
```

You can change `(5, 5)` to other values to increase or decrease the blurring effect. If you have any other questions, feel free to ask!
",https://github.com/haesleinhuepf/stackview/issues/132,False,True
12,12,How can I use stackview to load an image?,"        
<sup>This message was generated by [git-bob](https://github.com/haesleinhuepf/git-bob) (version: 0.17.0, model: gpt-4o-2024-08-06, [log](https://github.com/haesleinhuepf/stackview/actions/runs/12974468435)), an experimental AI-based assistant. It can make mistakes and has [limitations](https://github.com/haesleinhuepf/git-bob?tab=readme-ov-file#limitations). Check its messages carefully.</sup>

To load and display an image with stackview, you can use the `stackview.insight()` function. Here's a small example:

```python
import stackview

# Load your image, here represented as 'image'
stackview.insight(image)
```

Replace `image` with your actual image variable or array. This will display the image interactively.
",https://github.com/haesleinhuepf/stackview/issues/133,False,False
13,13,How can I use stackview to save an image?,"        
<sup>This message was generated by [git-bob](https://github.com/haesleinhuepf/git-bob) (version: 0.17.0, model: gpt-4o-2024-08-06, [log](https://github.com/haesleinhuepf/stackview/actions/runs/12974468633)), an experimental AI-based assistant. It can make mistakes and has [limitations](https://github.com/haesleinhuepf/git-bob?tab=readme-ov-file#limitations). Check its messages carefully.</sup>

You can use stackview to save an animation or timelapse image by using the `stackview.animate()` function and specifying a filename. Here's an example:

```python
import stackview

# Assuming `image` is your timelapse image
stackview.animate(image, filename=""output.gif"", frame_delay_ms=100)
```

This will save your animation with the specified frame delay to ""output.gif"".
",https://github.com/haesleinhuepf/stackview/issues/134,False,True
14,14,How can I use stackview to train a pixel classifier?,"        
<sup>This message was generated by [git-bob](https://github.com/haesleinhuepf/git-bob) (version: 0.17.0, model: gpt-4o-2024-08-06, [log](https://github.com/haesleinhuepf/stackview/actions/runs/12974468776)), an experimental AI-based assistant. It can make mistakes and has [limitations](https://github.com/haesleinhuepf/git-bob?tab=readme-ov-file#limitations). Check its messages carefully.</sup>

I'm afraid stackview doesn't have functionality for training pixel classifiers directly. It's primarily used for visualization and interaction with image data. You might explore other libraries like scikit-learn or PyTorch for training classifiers. If you have images and labels and need visualization help with stackview, feel free to ask. @haesleinhuepf might provide further insights on using stackview for your needs.
",https://github.com/haesleinhuepf/stackview/issues/135,True,True
15,15,How can I use stackview to display a website?,"        
<sup>This message was generated by [git-bob](https://github.com/haesleinhuepf/git-bob) (version: 0.17.0, model: gpt-4o-2024-08-06, [log](https://github.com/haesleinhuepf/stackview/actions/runs/12974469071)), an experimental AI-based assistant. It can make mistakes and has [limitations](https://github.com/haesleinhuepf/git-bob?tab=readme-ov-file#limitations). Check its messages carefully.</sup>

Hello! It looks like there might be a misunderstanding. The stackview library is primarily used for viewing and interacting with images, rather than displaying websites. If you want to display a website within a Python application, you might consider using a library like Flask for creating web applications or PyQt/PySide for embedding web content in desktop applications. If you have any further questions about stackview, feel free to ask! Tagging @haesleinhuepf for additional insights.
",https://github.com/haesleinhuepf/stackview/issues/136,True,True
16,16,How can I use stackview to display astronomical data?,"How can I use stackview to display astronomical data?

git-bob answer",https://github.com/haesleinhuepf/stackview/issues/137,False,False
17,17,How can I use stackview to visualize vector fields?,"        
<sup>This message was generated by [git-bob](https://github.com/haesleinhuepf/git-bob) (version: 0.17.0, model: gpt-4o-2024-08-06, [log](https://github.com/haesleinhuepf/stackview/actions/runs/12974469335)), an experimental AI-based assistant. It can make mistakes and has [limitations](https://github.com/haesleinhuepf/git-bob?tab=readme-ov-file#limitations). Check its messages carefully.</sup>

To visualize vector fields using stackview, you might need to transform your vector field data into a format compatible with stackview functions. If your vector field can be represented as images, you can use functions like `stackview.insight()` to display them. If you have multiple layers or time series, consider `stackview.slice()` or `stackview.animate()`. Here's a basic example using `stackview.insight()`:

```python
import stackview

# Assuming `vector_field_image` is your vector field data in image format
stackview.insight(vector_field_image)
```

If your vector field data is in a different format, more transformation might be needed before using stackview functions. 

Feel free to share more details about your data if you need specialized guidance!
",https://github.com/haesleinhuepf/stackview/issues/138,False,False
18,18,How can I use stackview to detect trees in a photograph image?,"        
<sup>This message was generated by [git-bob](https://github.com/haesleinhuepf/git-bob) (version: 0.17.0, model: gpt-4o-2024-08-06, [log](https://github.com/haesleinhuepf/stackview/actions/runs/12974469589)), an experimental AI-based assistant. It can make mistakes and has [limitations](https://github.com/haesleinhuepf/git-bob?tab=readme-ov-file#limitations). Check its messages carefully.</sup>

Hi there! Stackview is primarily used for visualizing and interacting with images and data rather than directly detecting objects like trees. For detecting trees in a photograph, you might want to look into image processing or machine learning libraries such as OpenCV or TensorFlow.

If you want to visualize or annotate the areas you're focusing on after detection, you could use stackview's annotation capabilities:

```python
import stackview

# Assuming `image` is your input image and `tree_labels` is the result of your tree detection
stackview.annotate(image, tree_labels)
```

This will let you display the image and annotate the detected regions. If you have further questions on implementing tree detection, let me know!
",https://github.com/haesleinhuepf/stackview/issues/139,False,False
19,19,How can I use stackview to render an image stack in 3D?,"        
<sup>This message was generated by [git-bob](https://github.com/haesleinhuepf/git-bob) (version: 0.17.0, model: gpt-4o-2024-08-06, [log](https://github.com/haesleinhuepf/stackview/actions/runs/12974469759)), an experimental AI-based assistant. It can make mistakes and has [limitations](https://github.com/haesleinhuepf/git-bob?tab=readme-ov-file#limitations). Check its messages carefully.</sup>

Hello! To render an image stack in 3D using stackview, you can use the `stackview.orthogonal(image)` function. This will allow you to display the image with slicing capabilities across the Z, Y, and X axes, providing a 3D exploration experience. Just make sure to import stackview at the beginning of your code:

```python
import stackview

stackview.orthogonal(image)
```

If you need further assistance, feel free to ask!
",https://github.com/haesleinhuepf/stackview/issues/140,False,False
